,Province/State,Country/Region,Lat,Long,1/24/2022,1/25/2022,1/26/2022,1/27/2022,1/28/2022,1/29/2022,1/30/2022,1/31/2022,2/1/2022,2/2/2022
0,,Afghanistan,33.93911,67.709953,159896,160252,160692,161004,161057,161290,162111,162926,163555,164190
1,,Albania,41.1533,20.1683,248070,248859,251015,252577,254126,254126,255741,258543,258543,261240
2,,Algeria,28.0339,1.6596,238885,241406,243568,245698,247568,249310,250774,252117,253520,254885
3,,Andorra,42.5063,1.5218,33025,34701,35028,35028,35556,35556,35556,35958,35958,36315
4,,Angola,-11.2027,17.8739,97263,97594,97812,97901,98029,98057,98076,98116,98226,98267
5,,Antigua and Barbuda,17.0608,-61.7964,6023,6023,6442,6524,6558,6558,6558,6627,6627,6732
6,,Argentina,-38.4161,-63.6167,7940657,8041520,8130023,8207752,8271636,8313614,8335184,8378656,8427778,8472848
7,,Armenia,40.0691,45.0382,352399,353731,355662,358218,361754,364348,366433,367795,370922,374878
8,Australian Capital Territory,Australia,-35.4735,149.0124,31941,33071,33933,34418,34976,35520,36031,36474,37023,37426
9,New South Wales,Australia,-33.8688,151.2093,994277,1015495,1033364,1083622,1103219,1121481,1139787,1086483,1098290,1110567
10,Northern Territory,Australia,-12.4634,130.8456,9702,10721,11355,12309,18916,21764,23189,24311,25512,18083
11,Queensland,Australia,-27.4698,153.0251,344844,358336,369936,369807,390106,402656,406129,417689,427319,431859
12,South Australia,Australia,-34.9285,138.6007,103175,104550,109555,110332,115298,117002,118967,120233,121956,123539
13,Tasmania,Australia,-42.8821,147.3272,25884,26604,27356,27983,28684,29319,29946,30645,31311,31967
14,Victoria,Australia,-37.8136,144.9631,775888,789827,804121,817360,830604,841276,851689,863000,877553,889710
15,Western Australia,Australia,-31.9505,115.8605,1415,1442,1442,1454,1462,1505,1504,1551,1568,1609
16,,Austria,47.5162,14.5501,1625651,1650597,1684608,1727661,1766292,1801040,1828167,1855578,1881472,1920882
17,,Azerbaijan,40.1431,47.5769,634488,636956,640148,643509,647073,651341,656284,658470,663693,670313
18,,Bahamas,25.025885,-78.035889,32137,32238,32282,32376,32419,32486,32512,32562,32606,32645
19,,Bahrain,26.0275,50.55,334164,338524,343400,348655,355314,362022,368767,374575,382748,390602
20,,Bangladesh,23.685,90.3563,1699964,1715997,1731524,1747331,1762771,1773149,1785332,1798833,1811987,1824180
21,,Barbados,13.1939,-59.5432,39709,40632,41355,42122,42851,43481,43993,44430,45216,45897
22,,Belarus,53.7098,27.9534,728804,730207,732104,734078,736299,738601,740988,742953,744871,748505
23,,Belgium,50.8333,4.469936,2830719,2878212,2939439,3007724,3055925,3055925,3055925,3155239,3184201,3229629
24,,Belize,17.1899,-88.4976,47147,48263,49059,49794,50487,50487,50487,50487,52004,52775
25,,Benin,9.3077,2.3158,26309,26309,26450,26450,26450,26450,26450,26450,26450,26498
26,,Bhutan,27.5142,90.4336,3811,3951,4089,4225,4430,4566,4685,4891,5203,5393
27,,Bolivia,-16.2902,-63.5887,820583,828232,835170,841757,841757,847180,852280,855705,859530,863675
28,,Bosnia and Herzegovina,43.9159,17.6791,334141,336680,339281,341913,343986,343986,343986,347467,349095,351219
29,,Botswana,-22.3285,24.6849,245904,245904,245904,250746,250746,250746,250746,253036,253036,253036
30,,Brazil,-14.235,-51.9253,24142032,24342322,24560093,24789795,25050601,25256198,25360647,25463530,25634781,25820745
31,,Brunei,4.5353,114.7277,16148,16148,16179,16206,16293,16345,16345,16476,16476,16691
32,,Bulgaria,42.7339,25.4858,891277,903676,913592,923466,933337,939212,941814,951965,963108,972260
33,,Burkina Faso,12.2383,-1.5616,20514,20514,20591,20591,20611,20611,20611,20624,20649,20649
34,,Burma,21.9162,95.956,534163,534383,534503,534671,534908,535080,535254,535532,536393,536536
35,,Burundi,-3.3731,29.9189,37042,37138,37170,37265,37299,37299,37299,37432,37432,37469
36,,Cabo Verde,16.5388,-23.0418,55401,55471,55543,55595,55635,55658,55677,55695,55721,55739
37,,Cambodia,11.55,104.9167,121066,121094,121116,121150,121188,121242,121299,121355,121390,121438
38,,Cameroon,3.848,11.5021,114113,114113,114113,114113,114113,114113,114113,116718,116718,116718
39,Alberta,Canada,53.9333,-116.5765,466616,477841,477841,484400,487436,487436,487436,493973,495953,498977
40,British Columbia,Canada,53.7267,-127.6476,308079,314787,314787,318906,320540,320540,320540,324615,325851,327625
41,Diamond Princess,Canada,0,0,0,0,0,0,0,0,0,0,0,0
42,Grand Princess,Canada,0,0,13,13,13,13,13,13,13,13,13,13
43,Manitoba,Canada,53.7609,-98.8139,116133,116770,116770,117971,118862,118862,118862,120644,121131,121655
44,New Brunswick,Canada,46.5653,-66.4619,26391,26741,26741,27649,28045,28442,28716,28885,29113,29494
45,Newfoundland and Labrador,Canada,53.1355,-57.6604,14522,15811,15811,16493,16758,16758,16758,17359,17538,17786
46,Northwest Territories,Canada,64.8255,-124.8457,4680,5120,5120,5446,5614,5614,5614,5865,6073,6221
47,Nova Scotia,Canada,44.682,-63.7443,34689,35051,35543,35889,36255,36255,36255,37803,38059,38333
48,Nunavut,Canada,70.2998,-83.1076,1358,1439,1439,1487,1585,1585,1707,1737,1820,1820
49,Ontario,Canada,51.2538,-85.3232,1001455,1004879,1010247,1016099,1021436,1026291,1030251,1033294,1035916,1039825
50,Prince Edward Island,Canada,46.5107,-63.4168,6282,6282,6282,6812,7274,7274,7274,7779,7779,8379
51,Quebec,Canada,52.9399,-73.5491,838436,841413,841413,849519,853119,856628,859466,861889,864619,868435
52,Repatriated Travellers,Canada,,,13,13,13,13,13,13,13,13,13,13
53,Saskatchewan,Canada,52.9399,-106.4509,110399,111447,111447,113993,115405,116511,117858,118606,119272,119894
54,Yukon,Canada,64.2823,-135,2959,2981,2981,3038,3061,3061,3061,3106,3128,3146
55,,Central African Republic,6.6111,20.9394,13611,13840,13840,13898,13898,13898,13898,13919,13919,14023
56,,Chad,15.4542,18.7322,7073,7075,7075,7075,7075,7075,7075,7155,7155,7157
57,,Chile,-35.6751,-71.543,1984190,2001346,2020082,2045874,2075703,2107612,2137743,2165984,2190561,2221276
58,Anhui,China,31.8257,117.2264,1009,1009,1009,1009,1009,1009,1009,1009,1009,1009
59,Beijing,China,40.1824,116.4142,1282,1298,1303,1313,1318,1341,1344,1348,1351,1355
60,Chongqing,China,30.0572,107.874,611,612,612,612,613,613,613,613,613,613
61,Fujian,China,26.0789,117.9874,1453,1453,1453,1453,1453,1454,1455,1455,1455,1455
62,Gansu,China,35.7518,104.2861,356,356,356,356,356,356,356,356,356,356
63,Guangdong,China,23.3417,113.4244,3726,3727,3730,3737,3743,3745,3752,3761,3772,3785
64,Guangxi,China,23.8298,108.7881,700,704,705,706,708,710,710,715,716,716
65,Guizhou,China,26.8154,106.8748,160,160,160,161,161,161,161,161,161,161
66,Hainan,China,19.1959,109.7453,190,190,190,190,190,190,190,190,190,190
67,Hebei,China,39.549,116.1306,1463,1464,1468,1468,1469,1469,1469,1473,1474,1474
68,Heilongjiang,China,47.862,127.7615,2035,2039,2044,2053,2055,2063,2064,2064,2064,2064
69,Henan,China,37.8957,114.9042,2643,2645,2648,2648,2649,2653,2654,2655,2656,2657
70,Hong Kong,China,22.3,114.2,13104,13181,13262,13450,13533,13613,13679,13745,13829,13912
71,Hubei,China,30.9756,112.2707,68320,68320,68320,68320,68320,68320,68320,68320,68320,68320
72,Hunan,China,27.6104,111.7088,1230,1230,1230,1230,1230,1230,1230,1230,1230,1230
73,Inner Mongolia,China,44.0935,113.9448,1191,1191,1191,1191,1191,1191,1191,1191,1191,1191
74,Jiangsu,China,32.9711,119.455,1629,1629,1629,1629,1630,1630,1630,1630,1630,1630
75,Jiangxi,China,27.614,115.7221,959,959,959,959,959,959,959,959,959,959
76,Jilin,China,43.6661,126.1923,590,590,591,591,591,591,591,591,592,592
77,Liaoning,China,41.2956,122.6085,810,811,811,811,812,812,812,812,812,812
78,Macau,China,22.1667,113.55,79,79,79,79,79,79,79,79,79,79
79,Ningxia,China,37.2692,106.1655,122,122,122,122,122,122,122,122,122,122
80,Qinghai,China,35.7452,95.9956,30,30,30,30,30,30,30,30,30,30
81,Shaanxi,China,35.1917,108.8701,2826,2826,2826,2826,2826,2826,2826,2826,2826,2826
82,Shandong,China,36.3427,118.1498,1070,1070,1070,1072,1072,1072,1072,1075,1075,1075
83,Shanghai,China,31.202,121.4491,3679,3689,3710,3717,3727,3737,3747,3765,3783,3792
84,Shanxi,China,37.5777,112.2922,267,267,267,267,268,268,268,268,268,268
85,Sichuan,China,30.6171,102.7103,1372,1372,1373,1373,1373,1374,1374,1374,1374,1374
86,Tianjin,China,39.3054,117.323,1013,1015,1016,1020,1026,1030,1041,1050,1062,1072
87,Tibet,China,31.6927,88.0924,1,1,1,1,1,1,1,1,1,1
88,Unknown,China,,,0,0,0,0,0,0,0,0,0,0
89,Xinjiang,China,41.1129,85.2401,987,989,991,992,996,996,996,996,996,996
90,Yunnan,China,24.974,101.487,1867,1867,1872,1877,1877,1881,1881,1881,1881,1882
91,Zhejiang,China,29.1832,120.0934,2114,2114,2124,2141,2159,2181,2205,2218,2233,2234
92,,Colombia,4.5709,-74.2973,5761398,5780910,5798799,5816462,5837408,5855858,5871977,5887261,5901715,5916825
93,,Comoros,-11.6455,43.3333,7814,7814,7821,7824,7827,7829,7832,7832,7832,7833
94,,Congo (Brazzaville),-0.228,15.8277,23485,23485,23485,23653,23653,23653,23653,23705,23705,23705
95,,Congo (Kinshasa),-4.0383,21.7587,84519,84760,84877,84926,84998,84998,84998,85379,85379,85510
96,,Costa Rica,9.7489,-83.7534,643496,661684,668209,675178,682480,682480,682480,694865,701471,708560
97,,Cote d'Ivoire,7.54,-5.5471,80249,80363,80396,80487,80566,80623,80695,80718,80783,80783
98,,Croatia,45.1,15.2,878891,887362,899174,909674,919598,929502,935722,937167,944552,954555
99,,Cuba,21.521757,-77.781167,1025419,1028183,1031170,1033984,1036783,1039842,1042671,1044790,1046400,1047860
100,,Cyprus,35.1264,33.4299,241888,241888,243818,246354,248941,251125,253350,256746,259784,262867
101,,Czechia,49.8175,15.473,2763800,2794245,2833961,2888827,2923680,2971107,2989436,3013454,3043084,3100462
102,Faroe Islands,Denmark,61.8926,-6.9118,14865,15778,16637,17403,17403,18613,19099,19625,20749,21457
103,Greenland,Denmark,71.7069,-42.6043,9823,10028,10157,10359,10533,10627,10662,10707,10821,10821
104,,Denmark,56.2639,9.5018,1438181,1484771,1531518,1582551,1636206,1677289,1713485,1742569,1787935,1842936
105,,Diamond Princess,0,0,712,712,712,712,712,712,712,712,712,712
106,,Djibouti,11.8251,42.5903,15349,15372,15396,15411,15429,15440,15451,15464,15472,15475
107,,Dominica,15.415,-61.371,8517,8517,8838,8838,8838,9032,9032,9032,9387,9387
108,,Dominican Republic,18.7357,-70.1627,542056,544328,547091,550020,551528,552831,554052,555245,556520,557919
109,,Ecuador,-1.8312,-78.1834,658045,658045,691898,691898,691898,691898,691898,732038,732038,732038
110,,Egypt,26.820553,30.802498,411749,413558,415468,417453,419460,421478,423688,425911,428202,430480
111,,El Salvador,13.7942,-88.8965,127012,127012,127012,127012,127012,133262,134155,135109,135109,135109
112,,Equatorial Guinea,1.6508,10.2679,15732,15732,15774,15774,15802,15802,15802,15802,15828,15828
113,,Eritrea,15.1794,39.7823,9332,9390,9408,9436,9489,9508,9525,9536,9536,9580
114,,Estonia,58.5953,25.0136,296466,301608,307451,313685,319505,326629,332580,337543,344060,351240
115,,Eswatini,-26.5225,31.4659,68118,68164,68205,68239,68301,68329,68342,68367,68423,68454
116,,Ethiopia,9.145,40.4897,462514,463047,463465,463921,464383,464754,464930,465158,465477,465792
117,,Fiji,-17.7134,178.065,61898,61968,62203,62203,62373,62373,62373,62855,62855,63147
118,,Finland,61.92411,25.748151,453833,461001,464394,470665,475431,475431,475431,489870,493114,501152
119,French Guiana,France,3.9339,-53.1258,72819,73691,74563,74686,74686,74686,74686,75242,75242,76054
120,French Polynesia,France,-17.6797,149.4068,47656,47794,47794,48044,48044,48044,48044,48266,48266,48731
121,Guadeloupe,France,16.265,-61.551,73660,73660,90749,90749,90749,90749,90749,90749,104179,104179
122,Martinique,France,14.6415,-61.0242,77075,77075,77075,82813,84471,84471,84471,87634,87634,90745
123,Mayotte,France,-12.8275,45.166244,35966,35966,36166,36225,36282,36282,36282,36282,36361,36436
124,New Caledonia,France,-20.904305,165.618042,16000,16626,17212,17903,18643,18643,18643,20486,22001,23231
125,Reunion,France,-21.1151,55.5364,133617,133617,180531,180531,180531,180531,180531,180531,180531,226005
126,Saint Barthelemy,France,17.9,-62.8333,3282,3282,3282,3435,3435,3435,3435,3435,3435,3435
127,Saint Pierre and Miquelon,France,46.8852,-56.3159,696,774,774,813,839,856,875,891,934,946
128,St Martin,France,18.0708,-63.0501,9143,9143,9143,9439,9439,9439,9439,9439,9439,9439
129,Wallis and Futuna,France,-14.2938,-178.1165,454,454,454,454,454,454,454,454,454,454
130,,France,46.2276,2.2137,16446852,16948487,17310548,17696796,18048584,18380982,18630430,18713087,19112755,19378646
131,,Gabon,-0.8037,11.6094,46198,46198,46469,46469,46722,46722,46722,46925,46925,47148
132,,Gambia,13.4432,-15.3101,11572,11572,11572,11572,11572,11842,11842,11842,11863,11863
133,,Georgia,42.3154,43.3569,1059392,1075154,1092684,1110168,1127234,1145508,1162773,1175923,1200124,1226444
134,,Germany,51.165691,10.451526,8909503,9088672,9317280,9477603,9661657,9774847,9846032,10025463,10236740,10474992
135,,Ghana,7.9465,-1.0232,155665,155665,156272,156392,156515,156690,156805,156920,156920,156920
136,,Greece,39.0742,21.8243,1812384,1830263,1848223,1867935,1890296,1909880,1920992,1940723,1965719,1984544
137,,Grenada,12.1165,-61.679,11344,11816,11816,12090,12246,12311,12311,12336,12498,12589
138,,Guatemala,15.7835,-90.2308,670489,673559,677214,681308,685542,688326,689609,690290,694513,698385
139,,Guinea,9.9456,-9.6966,35908,35951,36013,36013,36013,36013,36013,36166,36166,36193
140,,Guinea-Bissau,11.8037,-15.1804,7293,7484,7508,7519,7544,7576,7586,7586,7586,7691
141,,Guyana,4.860416,-58.93018,57400,57772,58196,58604,58604,59450,59803,59889,60109,60385
142,,Haiti,18.9712,-72.2852,28561,28561,28561,28875,28875,28875,28875,29217,29323,29323
143,,Holy See,41.9029,12.4534,29,29,29,29,29,29,29,29,29,29
144,,Honduras,15.2,-86.2419,387515,391145,391145,391874,391874,391874,391874,391874,391874,391874
145,,Hungary,47.1625,19.5033,1441385,1451102,1471276,1490489,1508358,1508358,1508358,1553405,1562827,1582517
146,,Iceland,64.9631,-19.0208,58409,60096,61737,63188,64486,64486,64486,67673,69177,70721
147,,India,20.593684,78.96288,39799202,40085116,40371500,40622709,40858241,41092522,41302440,41469499,41630885,41803318
148,,Indonesia,-0.7893,113.9213,4289305,4294183,4301193,4309270,4319175,4330763,4343185,4353370,4353370,4353370
149,,Iran,32.427908,53.688046,6258181,6267559,6279410,6293695,6310452,6322183,6344179,6373174,6408244,6446404
150,,Iraq,33.223191,43.679291,2159993,2167686,2175793,2183402,2191956,2197783,2203365,2210582,2218483,2226776
151,,Ireland,53.1424,-7.6921,1149660,1153666,1159271,1164536,1169645,1169645,1169645,1183008,1187216,1193156
152,,Israel,31.046051,34.851612,2424823,2505466,2599449,2659720,2705096,2759024,2830154,2900569,2966444,3037135
153,,Italy,41.87194,12.56738,10001344,10212621,10383561,10539601,10683948,10821375,10925485,10983116,11116422,11235745
154,,Jamaica,18.1096,-77.2975,120682,121436,121963,122463,123047,123047,124102,124512,124806,124967
155,,Japan,36.204824,138.252924,2220382,2282871,2354358,2433094,2514804,2599599,2677602,2738460,2820053,2914824
156,,Jordan,31.24,36.51,1152526,1164339,1177165,1184856,1189080,1197250,1209083,1225309,1243090,1260983
157,,Kazakhstan,48.0196,66.9237,1252265,1264299,1278057,1290763,1302516,1312308,1319814,1325293,1332643,1340410
158,,Kenya,-0.0236,37.9062,320399,320584,320766,320918,321111,321234,321335,321381,321552,321671
159,,Kiribati,-3.3704,-168.734,59,66,116,181,201,266,364,460,629,767
160,,"Korea, South",35.907757,127.766922,749979,762983,777497,793582,811122,828637,845709,864042,884310,907214
161,,Kosovo,42.602636,20.902977,183689,186396,190793,194710,198327,201955,204345,205938,207971,210561
162,,Kuwait,29.31166,47.481766,502630,508372,514826,521341,528254,534062,539654,545717,552153,558745
163,,Kyrgyzstan,41.20438,74.766098,195820,196232,196602,197081,197437,197437,198111,198316,198518,198719
164,,Laos,19.85627,102.495496,130293,130853,131432,132130,132681,133218,133524,133853,134438,134901
165,,Latvia,56.8796,24.6032,339494,345591,354734,363821,372503,382129,388989,392764,401792,412402
166,,Lebanon,33.8547,35.8623,866894,874144,882783,891982,900098,907824,914929,921208,928522,939282
167,,Lesotho,-29.61,28.2336,32049,32049,32049,32049,32176,32176,32176,32176,32176,32258
168,,Liberia,6.428055,-9.429499,7243,7243,7243,7243,7254,7254,7254,7272,7272,7272
169,,Libya,26.3351,17.228331,407758,410821,413066,416223,419543,419543,425237,429666,433932,438303
170,,Liechtenstein,47.14,9.55,8013,8171,8346,8465,8590,8775,8854,8928,9035,9176
171,,Lithuania,55.1694,23.8813,612500,617793,628094,639527,651293,663810,673518,679513,688685,701601
172,,Luxembourg,49.8153,6.1296,143067,144781,147854,150883,153435,153435,153435,157985,159438,161986
173,,MS Zaandam,0,0,9,9,9,9,9,9,9,9,9,9
174,,Madagascar,-18.766947,46.869107,57375,57375,57375,57375,57375,59319,59319,59319,59319,59319
175,,Malawi,-13.2543,34.3015,83927,84013,84105,84224,84309,84389,84420,84475,84572,84632
176,,Malaysia,4.210484,101.975766,2836159,2840225,2844969,2850408,2855930,2861069,2865984,2870758,2876324,2882060
177,,Maldives,3.2028,73.2207,120168,122777,125590,128089,130599,133288,136126,138880,141060,143202
178,,Mali,17.570692,-3.996166,29742,29858,29895,29949,29983,30008,30045,30052,30101,30131
179,,Malta,35.9375,14.3754,66071,66394,66708,66938,67167,67357,67548,67717,67966,68193
180,,Marshall Islands,7.1315,171.1845,7,7,7,7,7,7,7,7,7,7
181,,Mauritania,21.0079,-10.9408,57480,57648,57794,57919,58041,58129,58198,58243,58298,58335
182,,Mauritius,-20.348404,57.552152,70218,70440,70514,70629,70734,70734,70734,70862,70862,70862
183,,Mexico,23.6345,-102.5528,4685767,4730669,4730669,4779296,4873561,4916143,4930069,4942590,4985689,4985689
184,,Micronesia,7.4256,150.5508,1,1,1,1,1,1,1,1,1,1
185,,Moldova,47.4116,28.3699,412231,417369,423568,428934,434549,438249,438249,440698,445046,449840
186,,Monaco,43.7333,7.4167,7691,7790,7790,7790,8183,8183,8183,8183,8183,8183
187,,Mongolia,46.8625,103.8467,430328,433408,435681,435699,440352,442186,443392,444588,446076,446770
188,,Montenegro,42.708678,19.37439,213896,215017,215950,216856,217752,218637,219303,219775,220597,221214
189,,Morocco,31.7917,-7.0926,1101163,1107525,1114527,1120087,1124986,1129140,1131395,1132716,1135796,1138847
190,,Mozambique,-18.665695,35.529562,222652,222892,223112,223413,223612,223738,223811,223827,223949,224043
191,,Namibia,-22.9576,18.4904,155255,155424,155502,155623,155722,155783,155840,155899,155942,156044
192,,Nepal,28.1667,84.25,918448,927880,933451,939267,944074,947392,950441,953913,957570,959775
193,Aruba,Netherlands,12.5211,-69.9683,32405,32524,32562,32718,32808,32900,32956,33000,33084,33146
194,"Bonaire, Sint Eustatius and Saba",Netherlands,12.1784,-68.2385,6507,6570,6685,6829,6876,6922,6957,7001,7077,7103
195,Curacao,Netherlands,12.1696,-68.99,36092,36323,36594,36722,36875,36967,37085,37128,37281,37426
196,Sint Maarten,Netherlands,18.0425,-63.0548,9076,9160,9160,9229,9229,9285,9285,9308,9338,9353
197,,Netherlands,52.1326,5.2913,3954299,4008459,4067075,4131630,4205649,4245093,4320257,4432484,4538279,4605248
198,Cook Islands,New Zealand,-21.2367,-159.7777,2,2,2,2,2,2,2,2,2,2
199,,New Zealand,-40.9006,174.886,15687,15745,15842,15991,16146,16286,16416,16620,16817,17005
200,,Nicaragua,12.865416,-85.207229,17604,17650,17650,17650,17650,17650,17650,17650,17709,17709
201,,Niger,17.607789,8.081666,8592,8603,8616,8632,8640,8648,8649,8652,8655,8656
202,,Nigeria,9.082,8.6753,252428,252678,252753,252753,252912,253001,253023,253181,253340,253405
203,,North Macedonia,41.6086,21.7453,256996,259328,261347,263206,265101,266937,268191,268901,270897,272437
204,,Norway,60.472,8.4689,641138,665567,690244,714532,736051,751021,765061,781049,804286,827585
205,,Oman,21.512583,55.923255,324085,326164,328326,330767,330767,330767,336460,338880,341708,344043
206,,Pakistan,30.3753,69.3451,1381152,1386348,1393887,1402070,1410033,1417991,1425039,1430366,1436413,1442263
207,,Palau,7.515,134.5825,651,651,898,1022,1393,1404,1478,1633,1810,1940
208,,Panama,8.538,-80.7821,644683,650138,669860,678128,685630,692634,697124,697124,705880,705880
209,,Papua New Guinea,-6.314993,143.95555,36480,36548,36596,36596,36866,36866,36866,36866,37270,37390
210,,Paraguay,-23.4425,-58.4438,542388,548252,554182,559906,565368,570469,570469,583662,589318,594430
211,,Peru,-9.19,-75.0152,2976260,3020756,3020756,3120401,3120401,3160732,3224406,3224406,3239538,3286151
212,,Philippines,12.879721,121.774017,3442056,3459646,3475293,3493447,3511491,3528796,3545680,3560202,3569665,3577298
213,,Poland,51.9194,19.1451,4547315,4584360,4637776,4695435,4752700,4804390,4852677,4886154,4925270,4981321
214,,Portugal,39.3999,-8.2245,2254583,2312240,2377818,2443524,2507357,2566551,2611886,2639802,2690690,2745383
215,,Qatar,25.3548,51.1839,326093,328644,330848,332800,334543,336081,337638,339147,340383,341628
216,,Romania,45.9432,24.9668,2029211,2048896,2083151,2114834,2146558,2176726,2196394,2216525,2256543,2292345
217,,Russia,61.52401,105.318756,10988027,11055246,11129318,11217423,11314707,11427009,11547333,11670366,11795059,11936064
218,,Rwanda,-1.9403,29.8739,128205,128378,128509,128629,128708,128802,128841,128891,128933,128971
219,,Saint Kitts and Nevis,17.357822,-62.782998,5254,5254,5331,5368,5393,5419,5422,5422,5446,5453
220,,Saint Lucia,13.9094,-60.9789,19755,19967,20192,20417,20417,20798,20909,20942,20942,21081
221,,Saint Vincent and the Grenadines,12.9843,-61.2872,6660,6662,9385,9447,9447,9447,9447,7903,7929,7939
222,,Samoa,-13.759,-172.1046,20,26,28,29,29,30,30,32,32,33
223,,San Marino,43.9424,12.4578,11786,11786,11995,12229,12462,12462,12462,12884,12884,13085
224,,Sao Tome and Principe,0.1864,6.6131,5836,5849,5856,5867,5873,5883,5885,5890,5899,5903
225,,Saudi Arabia,23.885942,45.079162,657192,661733,666259,670997,675471,679384,683053,687264,691125,695217
226,,Senegal,14.4974,-14.4524,84374,84453,84613,84709,84786,84856,84936,84999,85038,85072
227,,Serbia,44.0165,21.0059,1559946,1579847,1579847,1616584,1633868,1649293,1662446,1677798,1697012,1714863
228,,Seychelles,-4.6796,55.492,35178,35606,35606,36559,36559,36559,36559,37190,37190,37194
229,,Sierra Leone,8.460555,-11.779889,7593,7607,7608,7611,7612,7615,7622,7623,7623,7625
230,,Singapore,1.2833,103.8333,316774,322770,327602,333071,338625,343832,348330,352811,359075,362176
231,,Slovakia,48.669,19.699,1464277,1478543,1494945,1512072,1529099,1546907,1562107,1569299,1593001,1617288
232,,Slovenia,46.1512,14.9955,612017,624851,642342,656569,673154,688336,702201,710821,722648,745980
233,,Solomon Islands,-9.6457,160.1562,289,650,676,755,898,898,898,1183,1486,2167
234,,Somalia,5.152149,46.199616,25388,25388,25388,25388,25388,25388,25388,25388,26067,26067
235,,South Africa,-30.5595,22.9375,3582691,3585888,3590399,3594499,3598288,3601630,3603856,3605222,3608307,3612809
236,,South Sudan,6.877,31.307,16715,16738,16752,16767,16775,16779,16779,16794,16810,16810
237,,Spain,40.463667,-3.74922,9280890,9395767,9529320,9660208,9779130,9779130,9779130,9961253,10039126,10125348
238,,Sri Lanka,7.873054,80.771797,602763,603654,604581,607104,608065,609047,610103,611185,612322,613478
239,,Sudan,12.8628,30.2176,55149,55833,56595,57106,57106,57106,57106,57632,58208,58623
240,,Summer Olympics 2020,35.6491,139.7737,865,865,865,865,865,865,865,865,865,865
241,,Suriname,3.9193,-56.0278,70937,71629,72088,72548,72943,73162,73162,73769,73956,74470
242,,Sweden,60.128161,18.643501,1784005,1922990,1973485,2015276,2070456,2070456,2070456,2070456,2183910,2223115
243,,Switzerland,46.8182,8.2275,1966600,2003262,2046465,2091306,2131077,2131077,2131077,2220539,2253288,2294471
244,,Syria,34.802075,38.996815,51029,51075,51124,51177,51230,51284,51341,51402,51483,51569
245,,Taiwan*,23.7,121,18376,18411,18503,18566,18634,18681,18735,18790,18850,18903
246,,Tajikistan,38.861,71.2761,17578,17609,17627,17639,17663,17663,17663,17706,17716,17724
247,,Tanzania,-6.369028,34.888822,32393,32920,32920,32920,32920,32920,32920,33230,33230,33230
248,,Thailand,15.870032,100.992541,2391357,2398944,2407022,2415472,2424090,2424090,2440542,2447964,2456551,2465723
249,,Timor-Leste,-8.874217,125.727539,19869,19871,19879,19894,19894,19908,19908,19946,20105,20136
250,,Togo,8.6195,0.8248,36323,36372,36421,36452,36469,36469,36491,36491,36509,36538
251,,Tonga,-21.179,-175.1982,1,1,1,1,1,1,1,1,1,5
252,,Trinidad and Tobago,10.6918,-61.2225,106806,107408,108088,108892,109660,110741,111190,111549,112019,112679
253,,Tunisia,33.886917,9.537499,853905,856739,866445,876245,884588,901107,901107,909813,917814,917814
254,,Turkey,38.9637,35.2433,11014152,11090493,11167927,11250107,11343693,11438476,11526621,11619882,11722483,11833165
255,,US,40,-100,71783483,72333439,72980648,73465396,74063641,74232238,74424305,74951445,75350359,75680487
256,,Uganda,1.373333,32.290275,160572,160778,160974,161259,161421,161503,161693,161839,161929,162007
257,,Ukraine,48.3794,31.1656,4055643,4075351,4100292,4133396,4168560,4206731,4232143,4255206,4287117,4323009
258,,United Arab Emirates,23.424076,53.847818,828328,830832,833201,835839,838384,840739,843030,845058,847142,849305
259,Anguilla,United Kingdom,18.2206,-63.0686,2187,2270,2270,2270,2324,2324,2324,2324,2361,2361
260,Bermuda,United Kingdom,32.3078,-64.7505,10262,10262,10262,10552,10552,10552,10552,10793,10793,10793
261,British Virgin Islands,United Kingdom,18.4207,-64.64,5649,5809,5809,5809,5839,5839,5839,5875,5875,5875
262,Cayman Islands,United Kingdom,19.3133,-81.2546,13734,13734,13734,13734,13788,13788,13788,13788,13788,13788
263,Channel Islands,United Kingdom,49.3723,-2.3644,39152,39628,40101,40543,40947,40947,40947,42052,42467,43032
264,Falkland Islands (Malvinas),United Kingdom,-51.7963,-59.5236,86,86,86,89,89,89,89,89,89,89
265,Gibraltar,United Kingdom,36.1408,-5.3536,11937,12103,12277,12441,12610,12752,12848,12950,13085,13243
266,Isle of Man,United Kingdom,54.2361,-4.5481,20586,21112,21200,21292,21376,21460,21460,21567,21665,21745
267,Montserrat,United Kingdom,16.742498,-62.187366,158,161,161,161,162,163,163,163,163,163
268,"Saint Helena, Ascension and Tristan da Cunha",United Kingdom,-7.9467,-14.3559,4,4,4,4,4,4,4,4,4,4
269,Turks and Caicos Islands,United Kingdom,21.694,-71.7979,5570,5570,5659,5678,5692,5727,5727,5727,5745,5770
270,,United Kingdom,55.3781,-3.436,15953685,16047716,16149319,16245474,16333980,16406123,16468522,17315893,17428345,17515199
271,,Uruguay,-32.5228,-55.7658,599040,609785,621453,631019,644631,653853,661441,668425,679878,690496
272,,Uzbekistan,41.377491,64.585262,215063,216186,217360,218477,219663,220815,221919,223008,224023,225110
273,,Vanuatu,-15.3767,166.9592,7,7,7,7,7,7,7,7,7,7
274,,Venezuela,6.4238,-66.5897,469566,471389,475135,477022,479011,481375,484021,485974,485974,487775
275,,Vietnam,14.058324,108.277199,2155784,2171527,2187481,2203208,2218137,2233287,2263053,2275727,2286750,2295494
276,,West Bank and Gaza,31.9522,35.2332,484979,488599,492694,500444,504992,504992,504992,524716,535160,546176
277,,Yemen,15.552727,48.516388,10585,10585,10821,10888,10942,10942,10942,11019,11061,11113
278,,Zambia,-13.133897,27.849332,301924,302569,303266,304002,304353,304656,304922,305047,305557,305959
279,,Zimbabwe,-19.015438,29.154857,228541,228776,228943,229096,229333,229415,229460,229666,229851,230012
